Ad Soyad;Departman;Sicil No
Yusuf Ozkan;Pazarlama;SC1001
Emre Guven;Hukuk;SC1002
Kadir Celik;Musteri Hizmetleri;SC1003
Fatma Kurt;Kalite;SC1004
Sultan Yalcin;Bilgi Teknolojileri;SC1005
Pinar Sahin;Pazarlama;SC1006
Aysel Koc;Hukuk;SC1007
Esra Acar;Musteri Hizmetleri;SC1008
Huseyin Demir;Kalite;SC1009
Kemal Kara;Bilgi Teknolojileri;SC1010
Onur Ozer;Pazarlama;SC1011
Cengiz Kaya;Hukuk;SC1012
Hatice Cetin;Musteri Hizmetleri;SC1013
Derya Ates;Kalite;SC1014
Ozge Yilmaz;Bilgi Teknolojileri;SC1015
Sevil Aslan;Pazarlama;SC1016
Ahmet Turan;Hukuk;SC1017
Ismail Duran;Musteri Hizmetleri;SC1018
Ramazan Kilic;Kalite;SC1019
Volkan Bulut;Bilgi Teknolojileri;SC1020
Gokhan Tas;Pazarlama;SC1021
Elif Dogan;Hukuk;SC1022
Nurcan Aksoy;Musteri Hizmetleri;SC1023
Gizem Ozgur;Kalite;SC1024
Bahar Arslan;Bilgi Teknolojileri;SC1025
Mustafa Guler;Pazarlama;SC1026
Omer Turkmen;Hukuk;SC1027
Serkan Ozdemir;Musteri Hizmetleri;SC1028
Erhan Erdogan;Kalite;SC1029
Ayse Sonmez;Bilgi Teknolojileri;SC1030
Busra Aydin;Pazarlama;SC1031
Aylin Polat;Hukuk;SC1032
Sibel Uysal;Musteri Hizmetleri;SC1033
Damla Ozturk;Kalite;SC1034
Hasan Aykac;Bilgi Teknolojileri;SC1035
Murat Tan;Pazarlama;SC1036
Burak Yildirim;Hukuk;SC1037
Fatih Simsek;Musteri Hizmetleri;SC1038
Emine Bozkurt;Kalite;SC1039
Sevgi Yildiz;Bilgi Teknolojileri;SC1040
Ebru Ozkan;Pazarlama;SC1041
Meryem Guven;Hukuk;SC1042
Filiz Celik;Musteri Hizmetleri;SC1043
Ibrahim Kurt;Kalite;SC1044
Osman Yalcin;Bilgi Teknolojileri;SC1045
Caner Sahin;Pazarlama;SC1046
Sinan Koc;Hukuk;SC1047
Zeynep Acar;Musteri Hizmetleri;SC1048
Gulsen Demir;Kalite;SC1049
Cansu Kara;Bilgi Teknolojileri;SC1050
Songul Ozer;Pazarlama;SC1051
Mehmet Kaya;Hukuk;SC1052
Halil Cetin;Musteri Hizmetleri;SC1053
Bulent Ates;Kalite;SC1054
Tolga Yilmaz;Bilgi Teknolojileri;SC1055
Tuncay Aslan;Pazarlama;SC1056
Merve Turan;Hukuk;SC1057
Seda Duran;Musteri Hizmetleri;SC1058
Yasemin Kilic;Kalite;SC1059
Ceren Bulut;Bilgi Teknolojileri;SC1060
Ali Tas;Pazarlama;SC1061
Yusuf Dogan;Hukuk;SC1062
Emre Aksoy;Musteri Hizmetleri;SC1063
Kadir Ozgur;Kalite;SC1064
Fatma Arslan;Bilgi Teknolojileri;SC1065
Sultan Guler;Pazarlama;SC1066
Pinar Turkmen;Hukuk;SC1067
Aysel Ozdemir;Musteri Hizmetleri;SC1068
Esra Erdogan;Kalite;SC1069
Huseyin Sonmez;Bilgi Teknolojileri;SC1070
Kemal Aydin;Pazarlama;SC1071
Onur Polat;Hukuk;SC1072
Cengiz Uysal;Musteri Hizmetleri;SC1073
Hatice Ozturk;Kalite;SC1074
Derya Aykac;Bilgi Teknolojileri;SC1075
Ozge Tan;Pazarlama;SC1076
Sevil Yildirim;Hukuk;SC1077
Ahmet Simsek;Musteri Hizmetleri;SC1078
Ismail Bozkurt;Kalite;SC1079
Ramazan Yildiz;Bilgi Teknolojileri;SC1080
Volkan Ozkan;Pazarlama;SC1081
Gokhan Guven;Hukuk;SC1082
Elif Celik;Musteri Hizmetleri;SC1083
Nurcan Kurt;Kalite;SC1084
Gizem Yalcin;Bilgi Teknolojileri;SC1085
Bahar Sahin;Pazarlama;SC1086
Mustafa Koc;Hukuk;SC1087
Omer Acar;Musteri Hizmetleri;SC1088
Serkan Demir;Kalite;SC1089
Erhan Kara;Bilgi Teknolojileri;SC1090
Ayse Ozer;Pazarlama;SC1091
Busra Kaya;Hukuk;SC1092
Aylin Cetin;Musteri Hizmetleri;SC1093
Sibel Ates;Kalite;SC1094
Damla Yilmaz;Bilgi Teknolojileri;SC1095
Hasan Aslan;Pazarlama;SC1096
Murat Turan;Hukuk;SC1097
Burak Duran;Musteri Hizmetleri;SC1098
Fatih Kilic;Kalite;SC1099
Emine Bulut;Bilgi Teknolojileri;SC1100
Sevgi Tas;Pazarlama;SC1101
Ebru Dogan;Hukuk;SC1102
Meryem Aksoy;Musteri Hizmetleri;SC1103
Filiz Ozgur;Kalite;SC1104
Ibrahim Arslan;Bilgi Teknolojileri;SC1105
Osman Guler;Pazarlama;SC1106
Caner Turkmen;Hukuk;SC1107
Sinan Ozdemir;Musteri Hizmetleri;SC1108
Zeynep Erdogan;Kalite;SC1109
Gulsen Sonmez;Bilgi Teknolojileri;SC1110
Cansu Aydin;Pazarlama;SC1111
Songul Polat;Hukuk;SC1112
Mehmet Uysal;Musteri Hizmetleri;SC1113
Halil Ozturk;Kalite;SC1114
Bulent Aykac;Bilgi Teknolojileri;SC1115
Tolga Tan;Pazarlama;SC1116
Tuncay Yildirim;Hukuk;SC1117
Merve Simsek;Musteri Hizmetleri;SC1118
Seda Bozkurt;Kalite;SC1119
Yasemin Yildiz;Bilgi Teknolojileri;SC1120